category_large,data_id,name,price
SNACK,0,티포녹차쿠키,1000
SNACK,1,베베토 쿨빈스사워믹스 12개입,1000
SNACK,2,스타트레이딩 마오암 블럭스 캐러멜 110G,1000
SNACK,3,스타트레이딩 마오암 시우어 110G,1000
SNACK,4,산들 새콤달콤 동결 건조딸기칩 20G,1000
SNACK,5,오리지날 젤리빈스위트센세이션 200G,1000
SNACK,6,트롤리키스100G,1000
SNACK,7,이농스푸드 흠반점 101G,1000
SNACK,8,허니버터아몬드130G,1000
SNACK,9,머쉬멜로우과일향젤리머쉬멜로우110G,1000
SNACK,10,이클립스민트향34G,1000
SNACK,11,이클립스스트로베리향34G,1000
SNACK,12,칸츄리콘90G,1000
SNACK,13,트롤리다이노렉스200g,1000
SNACK,14,하리보골드바렌175G,1000
SNACK,15,하리보피치컵175G,1000
SNACK,16,자가비 90G,1000
SNACK,17,이클립스스피어민트향34G,1000
SNACK,18,추억의꽈배기80G,1000
SNACK,19,트롤리밀크쿠200G,1000
SNACK,20,용문산산더덕쌀과자60G,1000
SNACK,21,글로벌프리미엄초콜릿칩오트쿠키,1000
SNACK,22,3D 자이언트 콜라향 비틀젤리,1000
SNACK,23,페레로캐나다누텔라앤고,1000
SNACK,24,RicolaAG리콜라스위스레몬민트맛캔디,1000
SNACK,25,깊은숲속행복한식품아이밀냠냠유기농쌀과자퍼핑도넛노랑,1000
SNACK,26,새롬식품펭수초코프레첼80G,1000
NOODLE,27,얼큰한쌀국수92G,1000
NOODLE,28,삼경에프에스삿포로라멘미소84G,1000
HMR,29,보노 체다치즈스프 63G,1000
HMR,30,보노 포르치니 버섯스프 54G,1000
HMR,31,탐사 리얼 오메가 트릿 소고기연어 360G,1000
HMR,32,모리나가 핫케잌 믹스 300G,1000
HMR,33,주비푸드 일본식 미소장국 버섯맛 21G,1000
HMR,34,주비푸드 적초생강 80G,1000
HMR,35,양반 수라 우거지감자탕 460G,1000
HMR,36,양반 수라 녹두 삼계전복죽 420G,1000
HMR,37,양반 수라 낙지김치죽 420G,1000
HMR,38,월드그린 적강낭콩 450G,1000
HMR,39,빅마마씨푸드 해통령육수한알사골맛85G,1000
HMR,40,본아이에프 본죽 일품쇠고기미역죽500G,1000
HMR,41,고야 다진고추를채운올리브149G,1000
HMR,42,본아이에프 본죽 쇠고기장조림 170G,1000
HMR,43,양송이스프,1000
HMR,44,뉴슈가60G,1000
HMR,45,알프레도파스타&소스,1000
HMR,46,아로마FI아띠야미석류피쉬콜라겐,1000
HMR,47,해밀스페니쉬비폴렌,1000
HMR,48,투카스할리피뇨슬라이스,1000
HMR,49,칼칼한돼지고기김치찜,1000
HMR,50,해초랑무가미구운김가루,1000
HMR,51,해우촌돌김자반1+150G*2,1000
HMR,52,해우촌돌김자반50G,1000
DAILY_NECESSITY,53,콩맥스전자담배용크리닝면봉,1000
DAILY_NECESSITY,54,대진친환경위생장갑50매(24CM*28CM),1000
DAILY_NECESSITY,55,초고농축 다우니 프리미엄퍼퓸 코튼퓨어러브 1L,1000
DAILY_NECESSITY,56,문방 조은풀 초강력액체풀50ML,1000
DAILY_NECESSITY,57,지퍼락이지오픈탭미니35매,1000
DAILY_NECESSITY,58,중국)이지앤소프트부직포화장솜150P,1000
DAILY_NECESSITY,59,이벤트코리아 데일리케어물티슈100매캡형,1000
DAILY_NECESSITY,60,중국)마스크진한파랑50PACK,1000
DAILY_NECESSITY,61,중국)마스크연한파랑50PACK,1000
DAILY_NECESSITY,62,중국)일본마스크50PACK,1000
DAILY_NECESSITY,63,롯데쇼핑)미니손난로핫팩하루,1000
DAILY_NECESSITY,64,플렉사두유우유홀더,1000
DAILY_NECESSITY,65,홈스타주방용세정제상큼한오렌지향,1000
DAILY_NECESSITY,66,그린세이프에프마이홈솔루션네오큐모기향,1000
DAILY_NECESSITY,67,프로폴리테라치약클래식민트,1000
DAILY_NECESSITY,68,콜게이트맥시멈캐비티프로텍션-그레이레귤러플레버,1000
DAILY_NECESSITY,69,클렌본캐치맙주방용행주세트300MM*300MM,1000
DAILY_NECESSITY,70,홈에디션명진청소용장갑M,1000
DAILY_NECESSITY,71,가루소분저장용기_소1.1KG,1000
DAILY_NECESSITY,72,K일회용필터마스크대형50매입,1000
DAILY_NECESSITY,73,청정크린장갑,1000
DAILY_NECESSITY,74,화신공업화신공업화신원형인주(소),1000
DAILY_NECESSITY,75,희망노트사디즈니캐릭터마스코트볼펜(녹색)1개입,1000
DAILY_NECESSITY,76,해피룸해피탈취분사기향로맨틱가든180G,1000
DAILY_NECESSITY,77,해피룸해피탈취분사기향라벤더향180G,1000
DAILY_NECESSITY,78,해피룸해피탈취분사기향딸기향180G,1000
DAILY_NECESSITY,79,해피룸해피탈취분사기향레몬향180G,1000
DAILY_NECESSITY,80,해피룸해피탈취분사기향헤이즐넛향180G,1000
DAILY_NECESSITY,81,산도깨비자동분사기향라일락280ML,1000
DAILY_NECESSITY,82,산도깨비자동분사기향자스민280ML,1000
DAILY_NECESSITY,83,비카산업혼합미니백미니(소)40매,1000
DAILY_NECESSITY,84,팀넷코리아미키마우스5핀고속충전케이블1개입,1000
DAILY_NECESSITY,85,삼정펄프리빙뽑아쓰는키친타월150매,1000
DAILY_NECESSITY,86,통일산업휴대용구강청결제10개입,1000
DAILY_NECESSITY,87,톨스피아비타민C샤워기필터70ML,1000
DAILY_NECESSITY,88,톨스피아녹물차단샤워기필터무향1개입,1000
DAILY_NECESSITY,89,뉴라이프타공보드에사용하는2칸꽂이대형1개,1000
DAILY_NECESSITY,90,우일플라텍양념통300ML,1000
DAILY_NECESSITY,91,해창양념통400ML,1000
DAILY_NECESSITY,92,해창잘라쓰는소스병500ML,1000
DAILY_NECESSITY,93,해창노란색소스병580ML,1000
DAILY_NECESSITY,94,우주화학공업사스푼포함양념통450ML,1000
DAILY_NECESSITY,95,해창빨강소스병580ML,1000
DAILY_NECESSITY,96,산도깨비아로마티셔츠리필용3개입,1000
DAILY_NECESSITY,97,산도깨비아로마티셔츠후리지아1개입,1000
DAILY_NECESSITY,98,이네스트실리콘오일브러쉬1개입(갈색),1000
DAILY_NECESSITY,99,비엘코리아배수구탈취제레몬라임330ML,1000
DAILY_NECESSITY,100,비엘코리아식탁세정330ML,1000
DAILY_NECESSITY,101,이네스트실리콘오일브러쉬1개입(흰색),1000
DAILY_NECESSITY,102,MS원터치비비드보온병(자주색),1000
DAILY_NECESSITY,103,MS모던보온병,1000
DAILY_NECESSITY,104,뉴텍정공걸이형스텐수저통(원형),1000
DAILY_NECESSITY,105,MS원터치비비드보온병(화이트),1000
DAILY_NECESSITY,106,MS원터치비비드보온병(핑크),1000
DAILY_NECESSITY,107,MS원터치비비드보온병(브론즈),1000
DAILY_NECESSITY,108,MS스텐워터보틀330ML(하늘색),1000
DAILY_NECESSITY,109,MS스텐워터보틀330ML(베이지),1000
DAILY_NECESSITY,110,브니엘산업브니엘수저통,1000
DAILY_NECESSITY,111,한솔제관마스킹테이프틴케이스보관함,1000
DAILY_NECESSITY,112,뉴텍정공걸이형스텐수저통(직사각형),1000
DAILY_NECESSITY,113,뉴텍정공와이어부착스텐다용도통,1000
DAILY_NECESSITY,114,선인장모양석고방향제(레몬),1000
DAILY_NECESSITY,115,사과모양방향제80G,1000
DAILY_NECESSITY,116,모노톤메모홀더(400매),1000
DAILY_NECESSITY,117,스틸펜꽂이,1000
DAILY_NECESSITY,118,미니연필깎이(옐로우),1000
DAILY_NECESSITY,119,미니연필깎이(민트),1000
DAILY_NECESSITY,120,바로꽂아쓰는연필깎이(옐로우),1000
DAILY_NECESSITY,121,바로꽂아쓰는연필깎이(민트),1000
DAILY_NECESSITY,122,파인라이너수성펜,1000
DAILY_NECESSITY,123,원형펜꽂이(소),1000
DAILY_NECESSITY,124,원형펜꽂이(중),1000
DAILY_NECESSITY,125,모노톤펜꽂이,1000
DAILY_NECESSITY,126,후크부착다용도걸이(대),1000
DAILY_NECESSITY,127,스타일빨래집게14P,1000
DAILY_NECESSITY,128,홀앤홀흡착큐방10P,1000
DAILY_NECESSITY,129,아로마티셔츠라벤더,1000
DAILY_NECESSITY,130,아로마티셔츠로즈마리,1000
DAILY_NECESSITY,131,아로마티셔츠리필3P(후리지아),1000
DAILY_NECESSITY,132,비타민C샤워기필터은은한라벤더향,1000
DAILY_NECESSITY,133,비타민C샤워기필체리블라썸향,1000
DAILY_NECESSITY,134,청소기방향제10G*3,1000
DAILY_NECESSITY,135,아로마티셔츠숲속향,1000
DAILY_NECESSITY,136,쓰레기통냄새탈취제라벤더향,1000
DAILY_NECESSITY,137,쓰레기통냄새탈취제레몬향,1000
DAILY_NECESSITY,138,통김솔,1000
DAILY_NECESSITY,139,다회용소주컵60ML,1000
DAILY_NECESSITY,140,후크부착다용도걸이(소),1000
DAILY_NECESSITY,141,토끼모양보풀제거기,1000
DAILY_NECESSITY,142,보풀제거기A2,1000
DAILY_NECESSITY,143,트라이탄아동용물병230ML(옐로우),1000
DAILY_NECESSITY,144,트라이탄아동용물병230ML(민트),1000
DAILY_NECESSITY,145,다이노트라이탄뚜껑물병350ML,1000
DAILY_NECESSITY,146,입속미인마일드애플민트가글,1000
DAILY_NECESSITY,147,입속미인마일드시트러스향가글,1000
DAILY_NECESSITY,148,개별포장양면이쑤시개1000개입,1000
DAILY_NECESSITY,149,심플보풀제거기(블루),1000
DAILY_NECESSITY,150,흡착식헤어드라이기거치대,1000
DAILY_NECESSITY,151,틀니세정발포정40정,1000
DAILY_NECESSITY,152,간편하게열리는직사각용기80ML,1000
SAUCE,153,타이헤리티지 코코넛크림 400ML,1000
SAUCE,154,기꼬만 사시미 생간장소스 200ML,1000
SAUCE,155,몬 스위트칠리소스435ML,1000
SAUCE,156,기꼬만 혼쯔유 500ML,1000
SAUCE,157,토니 로마스 오리지널 비비큐용 소스 510G,1000
SAUCE,158,토니 로마스 캐롤라이나 허니 비비큐용 소스567G,1000
SAUCE,159,더본 백종원의 만능양념장소스370G,1000
SAUCE,160,프레고 이탈리안소스프레쉬머시룸양송이버섯 680G,1000
SAUCE,161,일본 불독 돈까스소스 300ML,1000
SAUCE,162,일본)가츠오맛샤브샤브용육수100ML,1000
SAUCE,163,신영 계피가루 40G,1000
SAUCE,164,신영 산초분말 37G,1000
SAUCE,165,이금기중화해선장,1000
SAUCE,166,요리가달콤하게살아나는요리당,1000
SAUCE,167,전통조청의깊고진한맛쌀엿,1000
SAUCE,168,바쏘 해바라기오일 2L,1000
SAUCE,169,이금기치킨파우더,1000
SAUCE,170,프리토스할라피뇨체다치즈딥소스,1000
SAUCE,171,인스턴트분말이스트8G,1000
SAUCE,172,유자오렌지드레싱 230G,1000
SAUCE,173,순창장류주식회사아이배냇순창한식된장,1000
HMR,174,롯데쇼핑)올리브유스프레이에어프라이어용200ML,1000
DAIRY_PRODUCT,175,토핑오트&애플시나몬,1000
DAIRY_PRODUCT,176,밀크씨슬간편한닥터캡슐,1000
DAIRY_PRODUCT,177,프로틴고단백질요거트,1000
DAIRY_PRODUCT,178,갈바니 리코타치즈425G,1000
DAIRY_PRODUCT,179,벨치즈코리아 끼리 그릭스타일 200G,1000
DAIRY_PRODUCT,180,한국 야쿠르트 건강한 간 케어 쿠퍼스 프리미엄 140ML,1000
DAIRY_PRODUCT,181,프랑스)끼리크림치즈플레인108G,1000
DAIRY_PRODUCT,182,알미체리페퍼위드스파이스크림치즈,1000
DRINKS,183,DIMES 석류착즙주스1000ML,1000
DRINKS,184,DIMES 타트체리착즙주스 1000ML,1000
DRINKS,185,케이쿨120ML,1000
DRINKS,186,롯데쇼핑 파인애플착즙주스700ML,1000
DRINKS,187,캐나다드라이토닉워터250ML,1000
DRINKS,188,롯데쇼핑)콜라,1000
DRINKS,189,롯데쇼핑)스트로베리히비스커스로즈힙,1000
DRINKS,190,롯데쇼핑)감귤착즙주스,1000
DRINKS,191,롯데쇼핑)석류착즙주스,1000
DRINKS,192,롯데쇼핑)물한방울넣지않은사과착즙주스,1000
DRINKS,193,헛개숙취세트3G*100ML,1000
DRINKS,194,오랑지나420ML,1000
DRINKS,195,탄산이톡톡스파클링워터(레몬)350ML,1000
DRINKS,196,(주)두리두리퀘이커마시는오트밀오트&그린티하동녹차,1000
DRINKS,197,(주)두리두리퀘이커마시는오트밀오트&그레인,1000
DRINKS,198,그래미여명1004천사의행복140ML,1000
QUASI_DRUG,199,메디바이스PlayBoy유틸리티울트라씬,1000
QUASI_DRUG,200,입터진날엔3개입9G,1000
QUASI_DRUG,201,해피홈아쿠아밴드,1000
QUASI_DRUG,202,원포 임신테스트기3개입,1000
QUASI_DRUG,203,펫퍼스펫퍼스배변유도제(애완용),1000
ALCOHOL,204,마이비어빅웨이브골든에일,1000
ALCOHOL,205,신세계스텅브루저먼레드,1000
ALCOHOL,206,문배주양조원문배술,1000
ALCOHOL,207,비어벨트 브라우펄 펄스 500ML,1000
ALCOHOL,208,백운 복분자와인 300ML,1000
ALCOHOL,209,크루저라즈베리향(병),1000
ALCOHOL,210,페로니나스트라즈로(병),1000
ALCOHOL,211,크루저블루베리향(병),1000
ALCOHOL,212,다다(병),1000
ALCOHOL,213,크롬바커필스알코올프라이(무알콜)(병),1000
ALCOHOL,214,사이공스페셜(병),1000
ALCOHOL,215,벨코포포빅키코젤다크(캔),1000
ALCOHOL,216,스텔라아르투아(캔),1000
ALCOHOL,217,페로니나스트라즈로(캔),1000
ALCOHOL,218,호랄프리미엄필스너라거(캔),1000
ALCOHOL,219,롱보드아일랜드라거(캔),1000
ALCOHOL,220,클라우스탈러(병),1000
ALCOHOL,221,바바바맥주(캔),1000
ALCOHOL,222,스텔라아르투아(캔),1000
ALCOHOL,223,충북맑은바람360ML,1000
ALCOHOL,224,프리미어오비640ML,1000
ALCOHOL,225,호프야거바이젠비어,1000
ALCOHOL,226,홉고블린 골드 500ML,1000
ALCOHOL,227,프리미어오비355ml,1000
ALCOHOL,228,페로니나스트라즈로(캔),1000
ALCOHOL,229,코로나엑스트라(캔),1000
ALCOHOL,230,크롬바커(캔),1000
ALCOHOL,231,홉고블린(캔),1000
ALCOHOL,232,주부르그랜드(캔),1000
ALCOHOL,233,에드워드러시안베어파인애플향,1000
ALCOHOL,234,칭따오논알콜릭,1000
ALCOHOL,235,장샤오바이 강소백,1000
ALCOHOL,236,비어케이칭따오맥주200ML,1000
CAFFEINE,237,대한다업순작유기농옥수수수염차,1000
CAFFEINE,238,산들 노니 140G,1000
CAFFEINE,239,산들 계피 180G,1000
CAFFEINE,240,산들 차가버섯 120G,1000
CAFFEINE,241,산들 볶음돼지감자 140G,1000
CAFFEINE,242,양파껍질차24G,1000
CAFFEINE,243,트룽 G7블랙커피 15T 30G,1000
CAFFEINE,244,트와이닝 레몬보이차 25T 50G,1000
CAFFEINE,245,파워루트_알리카페카푸치노_10T 200G,1000
CAFFEINE,246,롯데마트)루이보스차,1000
CAFFEINE,247,롯데쇼핑)페퍼민트차미국산(OEM)20T,1000
CAFFEINE,248,카페드롭탑더치아메리카노20G,1000
CAFFEINE,249,캐모마일 현미녹차 40T,1000
CAFFEINE,250,미가방주식회사제티초콕바나나맛,1000
CAFFEINE,251,미가방주식회사제티초콕딸기맛,1000
DRINKS,252,ATG컴퍼니)푸룬주스,1000
HMR,253,롯데쇼핑)바쏘포도씨유,1000
SNACK,254,CJ 쁘띠첼 구미젤리포도 50G,1000
SNACK,255,CJ 쁘띠첼 구미젤리복숭아 50G,1000
SNACK,256,CJ 쁘띠첼 구미젤리레몬 50G,1000
SNACK,257,CJ 쁘띠첼 워터젤리오렌지 130ML,1000
SNACK,258,CJ 비비고칩스위트콘 20G,1000
SNACK,259,CJ푸드)비비고칩포테이토40G,1000
SNACK,260,CJ제일제당)초코칩쿠키믹스290G,1000
HMR,261,CJ밥이랑야채랑27G,1000
HMR,262,CJ햇반컵반설렁탕밥253g,1000
HMR,263,CJ 비비고 스팸 부대찌개 460G,1000
HMR,264,CJ 제일안주 불돼지껍데기 160G,1000
HMR,265,CJ 비비고 새우계란죽 450G,1000
HMR,266,CJ 햇반컵반 철판제육덮밥 256G,1000
HMR,267,CJ 햇반컵반 스팸마요덮밥 219G,1000
HMR,268,CJ 햇반컵반 강된장보리비빔밥 280G,1000
HMR,269,CJ 비비고 소고기미역국 500G,1000
HMR,270,CJ 비비고 전복미역국 500G,1000
HMR,271,CJ 비비고 감자탕 460G,1000
HMR,272,CJ 비비고 불낙죽 450G,1000
HMR,273,CJ 비비고 차돌된장찌개 460G,1000
HMR,274,CJ 맥스봉체다치즈어랏 400G,1000
HMR,275,CJ 쁘띠첼워터젤리사과 130ML,1000
HMR,276,CJ 쁘띠첼워터젤리포도 130ML,1000
HMR,277,CJ)햇반컵반중화마파두부덮밥270G,1000
HMR,278,CJ햇반컵반낙지콩나물비빔밥216g,1000
HMR,279,CJ 비비고 추어탕 460G,1000
HMR,280,CJ 비비고 동지팥죽 450G,1000
HMR,281,CJ 비비고 녹두닭죽 450G,1000
HMR,282,CJ 햇반컵반 미역국밥 167G,1000
HMR,283,CJ 햇반컵반 사골곰탕국밥 166G,1000
HMR,284,CJ 햇반컵반 콩나물해장국밥 270G,1000
HMR,285,CJ 햇반컵반 황태국밥 170G,1000
HMR,286,CJ 햇반컵반 직화불고기덮밥 257G,1000
HMR,287,CJ 햇반컵반 치킨커리덮밥 278G,1000
HMR,288,CJ 햇반컵반 고추장나물현미비빔밥 229G,1000
HMR,289,CJ 햇반컵반 볶은김치덮밥 247G,1000
HMR,290,CJ 비비고 육개장 500G,1000
HMR,291,CJ 제일안주 소양불막창 170G,1000
HMR,292,CJ 다담 냉이된장찌개양념 140G,1000
HMR,293,CJ 다담 바지락순두부찌개양념 140G,1000
HMR,294,CJ 백설건강발효현미식초 500ML,1000
HMR,295,CJ 사골애처음부터육수가쓰오 525ML,1000
HMR,296,CJ 사골애처음부터육수멸치다시마 525ML,1000
HMR,297,CJ밸런스밀귀리50G,1000
HMR,298,CJ햇반컵반버섯곤드레비빔밥189g,1000
HMR,299,CJ제일제당)김치전컵전210G,1000
HMR,300,CJ제일제당)비비고소고기무국500G,1000
HMR,301,CJ제일제당)비비고동태탕460G,1000
HMR,302,CJ제일제당)비비고차돌육개장500G,1000
HMR,303,CJ햇반컵반닭곰탕밥261g,1000
HMR,304,CJ제일제당)비비고돼지고기김치찌개460G,1000
HMR,305,CJ제일제당)비비고콩나물황태국500G,1000
HMR,306,CJ제일제당)비비고알탕440G,1000
HMR,307,CJ제일제당)비비고전북죽450G,1000
HMR,308,CJ햇반컵반육개장국밥,1000
HMR,309,CJ초코케익믹스300G,1000
HMR,310,CJ비비고소고기죽450G,1000
HMR,311,CJ비비고진국설렁탕,1000
HMR,312,CJ비비고전복미역죽,1000
HMR,313,CJ)비비고통단팥죽280G,1000
HMR,314,CJ)비비고누룽지닭백숙죽280G,1000
HMR,315,CJ비비고통단팥죽450G,1000
HMR,316,CJ비비고순댓국460G,1000
HMR,317,CJ다담떡볶이양념,1000
HMR,318,CJ햇반컵반순두부찌개국밥173G,1000
HMR,319,CJ햇반컵반김치날치알밥188g,1000
HMR,320,CJ햇반컵반버터장조림비빔밥216g,1000
HMR,321,CJ햇반컵반직화볶음짜장덮밥280G,1000
SAUCE,322,CJ 백설맛술로즈마리 500ML,1000
SAUCE,323,CJ 다담 마파두부양념 150G,1000
SAUCE,324,CJ 다담매운낙지볶음양념,1000
SAUCE,325,CJ 다담강된장찌개양념130G,1000
SAUCE,326,CJ 다담고깃집된장찌개양념130G,1000
SAUCE,327,CJ 하선정 서해안까나리액젓 1KG,1000
SAUCE,328,CJ 하선정 멸치액젓 1KG,1000
SAUCE,329,CJ백설 로제파스타소스180G,1000
SAUCE,330,CJ백설 토마토파스타소스180G,1000
SAUCE,331,CJ백설 치즈크림파스타소스140G,1000
SAUCE,332,CJ 프락토올리고당,1000
SAUCE,333,CJ 백설맛술생강 500ML,1000
SAUCE,334,CJ제일제당)마카다미아&캐슈넛드레싱105G,1000
SAUCE,335,CJ제일제당)참기름고소함가득430ML,1000
SAUCE,336,CJ제일제당)진한참기름500ML,1000
SAUCE,337,CJ제일제당)명품집된장450G,1000
SAUCE,338,CJ갈색설탕1KG,1000
SAUCE,339,CJ밥이랑가쓰오김자반18G,1000
SAUCE,340,CJ요리올리고당700G,1000
SAUCE,341,CJ 백설뚝배기불고기양념 150G,1000
SAUCE,342,CJ)다시다쇠고기12T96G,1000
SAUCE,343,CJ 백설남해바다굴소스 500G,1000
SAUCE,344,CJ다시다쇠고기100G,1000
SAUCE,345,CJ 백설맛술로즈마리 800ML,1000
HMR,346,CJ 백설자연발효파인애플식초 500ML,1000
HMR,347,CJ다시다골드쇠고기250G,1000
HMR,348,CJ 현미식초,1000
HMR,349,CJ 바삭한요리유,1000
HMR,350,CJ백설100%통들깨들기름,1000
HMR,351,CJ 마늘생강기름,1000
HMR,352,다시다국내산멸치골드100G,1000
DRINKS,353,CJ)새싹보리410ML,1000
DRINKS,354,CJ컨디션헛개100ML,1000
DRINKS,355,CJ헛개수340ML,1000
DRINKS,356,CJ인삼한뿌리120ML,1000
DRINKS,357,CJ)히비스커스블렌딩티340ML,1000
QUASI_DRUG,358,CJ 리턴업 비타민 뼈건강케어 84G,1000
QUASI_DRUG,359,CJ 리턴업 비타민 40 84G,1000
QUASI_DRUG,360,CJ 리턴업 비타민 베이직 84G,1000
QUASI_DRUG,361,CJ 리턴업 비타민 에너지케어 84G,1000
CAFFEINE,362,CJ백설리얼매실청310ML,1000
CAFFEINE,363,CJ백설리얼생강청310ML,1000
CAFFEINE,364,CJ백설리얼오미자청310ML,1000
CAFFEINE,365,CJ투썸그린티파우더,1000
CAFFEINE,366,CJ투썸요거트파우더,1000
SAUCE,367,CJ하선정멸치액젖,1000
SAUCE,368,CJ하선정까나리액젓,1000
SAUCE,369,CJ하선정덧장명품액젓남해안멸치(푸름),1000
DRINKS,370,CJ컨디션레이디100ML,1000
SAUCE,371,DEVELEY핫도그소스(파란색),1000
SNACK,372,돌망고젤리,1000
SNACK,373,돌화이트코코젤리,1000
HMR,374,Dole 후룻볼 복숭아 4입 100%주스,1000
HMR,375,돌코리아 올라이트뮤즐리 5가지곡물과크랜베리 300G,1000
HMR,376,돌 후룻바틀 파인애플 666G,1000
HMR,377,돌코리아 올라이트뮤즐리 말린과일과아몬드 300G,1000
HMR,378,돌코리아)올라이트뮤즐리,1000
DRINKS,379,돌코리아 오렌지팝 496ML,1000
DRINKS,380,돌코리아 파인애플팝 496ML,1000
HMR,381,독일)게르킨렐리쉬머스타드350G,1000
DRINKS,382,GS리테일스파클링요구르트350ML,1000
QUASI_DRUG,383,메디안치석케어93%120G,1000
QUASI_DRUG,384,46cm페리오오래가는민트,1000
SNACK,385,MAYORA커피죠이,1000
DRINKS,386,OKF)옐로우스무디350ml,1000
DRINKS,387,OKF)레드스무디350ML,1000
CAFFEINE,388,SweetHug)아메리카노30T,1000
CAFFEINE,389,SweetHug)모카커피믹스40T,1000
SNACK,390,TIPO티포초코칩쿠키,1000
SNACK,391,VENUS러쉬코코아크림쿠키다크,1000
CAFFEINE,392,가고파힐링푸드)유기농레몬밤,1000
CAFFEINE,393,가고파힐링푸드)우엉차,1000
CAFFEINE,394,가고파힐링푸드)유기농히비스커스,1000
CAFFEINE,395,가고파힐링푸드)유기농페파민트,1000
CAFFEINE,396,가고파힐링푸드)유기농루이보스,1000
CAFFEINE,397,가고파힐링푸드)도라지차,1000
CAFFEINE,398,가고파힐링푸드)노니차,1000
CAFFEINE,399,가고파힐링푸드)모과차,1000
CAFFEINE,400,가고파힐링푸드)오미자차,1000
CAFFEINE,401,가고파힐링푸드)로즈힙,1000
CAFFEINE,402,가고파힐링푸드)유기농라벤더,1000
CAFFEINE,403,가고파힐링푸드)영지버섯차,1000
CAFFEINE,404,가고파힐링푸드)얼그레이홍차,1000
CAFFEINE,405,가고파힐링푸드)새싹보리차,1000
CAFFEINE,406,가고파힐링푸드)레몬그라스,1000
CAFFEINE,407,가고파힐링푸드2공장)힐링N팜블루베리즙10포,1000
SAUCE,408,가원)요리하다고운함초소금,1000
SAUCE,409,가원)초이스엘구운천일염허브맛솔트,1000
SAUCE,410,가원)요리하다고운천일염,1000
DRINKS,411,갈바니나 스파클링 레몬에이드 355ML,1000
DRINKS,412,갈바니나 스파클링 레드오렌지에이드 355ML,1000
CAFFEINE,413,감로700)유기농달콤한어성초감로차10G,1000
CAFFEINE,414,감로700)유기농오리지날감로차3G,1000
CAFFEINE,415,감로700)유기농고소하고달콤한차10G,1000
ALCOHOL,416,강서마일드에일(캔)500ML,1000
DRINKS,417,동해고성해양심층수천년동안350ML,1000
SAUCE,418,개암죽염식품)소금대신죽염,1000
DRINKS,419,거창공장)아침에주스950ML,1000
DRINKS,420,건강마을)뽀로로홍삼쏙쏙오렌지,1000
DRINKS,421,건강마을)세리박스곤약젤리복숭아마시는곤약젤리,1000
DRINKS,422,건강마을)세리박스곤약젤리청포도마시는곤약젤리,1000
DRINKS,423,건강한사람들)고려은단스파클링비타민C,1000
DRINKS,424,건강한사람들)과일사이다딸기키위,1000
SNACK,425,건영푸드 망고코리아 300G,1000
SNACK,426,건영푸드거봉코리아,1000
SNACK,427,게메즈에낙,1000
SNACK,428,경남제약레모나2G*10포,1000
SNACK,429,경성 반건조첫사랑군고구마 65G,1000
ALCOHOL,430,경주법주)경주법주,1000
ALCOHOL,431,경주법주)화랑,1000
ALCOHOL,432,경주법주화랑,1000
QUASI_DRUG,433,경주생약)입터진날엔9G,1000
SNACK,434,경진 꼬마꾸이맨50g,1000
DRINKS,435,고구려통상)가토멜론맛,1000
DRINKS,436,고구려통상)가토리치맛,1000
DRINKS,437,고구려통상)가토수박맛,1000
QUASI_DRUG,438,고려은단 쏠라C구미 복숭아맛 50G,1000
QUASI_DRUG,439,고려은단헬스케어)쏠라C정블루베리맛,1000
QUASI_DRUG,440,고려은단헬스케어)쏠라C정레몬맛,1000
QUASI_DRUG,441,고려은단헬스케어)쏠라C구미청포도맛50G,1000
QUASI_DRUG,442,고려은단헬스케어)쏠라C구미레몬맛50G,1000
ALCOHOL,443,고창서해안복분자 선운 330ML,1000
DRINKS,444,골든라이프텍)곡물가게궁자연주의건강함리얼호박차,1000
DRINKS,445,골든라이프텍)곡물가게궁자연주의건강함리얼팥차,1000
ALCOHOL,446,골든블루)칼스버그,1000
SNACK,447,광동)아폴로,1000
DRINKS,448,광동)알찬콩두유200ML,1000
DRINKS,449,광동)힘찬하루헛개차1L,1000
DRINKS,450,광동)발효홍삼 100ml,1000
DRINKS,451,광동)홍삼꿀D100ML,1000
DRINKS,452,광동)제주삼다수,1000
SNACK,453,광동백성)아폴로36G,1000
SNACK,454,비타500젤리48G,1000
DRINKS,455,유어스광동어성초500ml,1000
DRINKS,456,광동)옥수수수염차500ML,1000
DRINKS,457,광동힘찬하루헛개차500ML,1000
DRINKS,458,광동)비타500(병)100ML,1000
DRINKS,459,광동)비타500(병)180ML,1000
DRINKS,460,광동제약)비타500,1000
DRINKS,461,광동제약 광동홍삼쌍화진100ML*10,1000
DRINKS,462,광동제약 광동생강쌍화진100ML*10,1000
DRINKS,463,유어스)NEO키위스무디190ML,1000
DRINKS,464,광동우엉차500ml,1000
DRINKS,465,광동힘찬하루헛개차1.5L,1000
DRINKS,466,광동다복쌍화150ML,1000
DRINKS,467,광동제약)광동우롱차,1000
DRINKS,468,광동)비타500스파클링(캔),1000
DRINKS,469,유어스)RYAN애플스무디190ML,1000
DRINKS,470,광동야관문야왕500ML,1000
DRINKS,471,광동탐라는제주감귤1.5L,1000
DRINKS,472,광동옥수수수염차1.5L,1000
DRINKS,473,광동탐라는제주감귤500ML,1000
DRINKS,474,광동칡맥170ML,1000
QUASI_DRUG,475,광동 위생천 박스 10병,1000
QUASI_DRUG,476,광동제약 비타500치어팩250ML,1000
QUASI_DRUG,477,광동제약위생천75ML,1000
CAFFEINE,478,광일)모링가잎분말,1000
ALCOHOL,479,구미호피치에일(캔)500ML,1000
SNACK,480,구산글로벌)너즈수박향&체리향,1000
ALCOHOL,481,국순당 예담차례주 700ML,1000
ALCOHOL,482,국순당아이싱자몽,1000
ALCOHOL,483,국순당)국순당막걸리쌀,1000
ALCOHOL,484,국순당백세주95ML,1000
ALCOHOL,485,국순당명작복분자,1000
ALCOHOL,486,국순당막걸리쌀6캔350ML*6,1000
ALCOHOL,487,국순당)국순당막걸리쌀,1000
ALCOHOL,488,국순당)려25증류소주,1000
ALCOHOL,489,국순당옛날막걸리古,1000
ALCOHOL,490,국순당백세주375ML,1000
SNACK,491,(주)굿푸드 퓨어잇딸기엔치즈,1000
SNACK,492,(주)굿푸드퓨어잇동결건조딸기칩,1000
SNACK,493,(주)굿푸드 블루베리엔치즈,1000
SNACK,494,(주)굿푸드 퓨어잇사과엔치즈,1000
CAFFEINE,495,궁파무역)건조맥주효모,1000
DRINKS,496,그래미여명808 140ML,1000
ALCOHOL,497,그롤쉬 넌 안콜릭 500ML,1000
QUASI_DRUG,498,그리니아)그리니아겔(에탄올)50ML,1000
QUASI_DRUG,499,그린원일자일덴트 상쾌한치약모과민트,1000
QUASI_DRUG,500,그린원일B&B 어린이치약플러스(오렌지맛),1000
NOODLE,501,글로델 야끼소바컵라면 86G,1000
NOODLE,502,글로델 하카타돈코츠컵라면 103G,1000
SNACK,503,글로리아비스코라지오초콜릿웨이퍼스틱,1000
DRINKS,504,글로벌심층수)딥스그린,1000
DRINKS,505,글로벌심층수 해양심층수딥스그린 500ML,1000
DRINKS,506,금강B&F)칸타타아메리카노,1000
DRINKS,507,금강B&F)청춘전투자몽에꿀한스푼,1000
DRINKS,508,금강B&F)청춘전투진저에레몬한방울,1000
DRINKS,509,금강B&F)청춘전투세상에없는캐모마일,1000
CAFFEINE,510,금광약초 칡뿌리 160G,1000
CAFFEINE,511,금광약초 엄나무 90G,1000
CAFFEINE,512,금광약초)신령스런기운영지버섯,1000
CAFFEINE,513,금광약초)매일마시는2리터의습관우엉차,1000
CAFFEINE,514,금광약초)매일마시는2리터의습관둥굴레차,1000
CAFFEINE,515,금광약초)다섯가지아름다운맛오미자,1000
CAFFEINE,516,금광약초)지친남성을위한산수유,1000
ALCOHOL,517,금복주)소주왕금복주,1000
SNACK,518,금촌베이커리 맘스케어그리시니170G,1000
CAFFEINE,519,기린농협)통옥수수차,1000
SNACK,520,기준인터내셔날)알프스스트롱껌,1000
SNACK,521,길림양행 카라멜솔티드 땅콩앤프레첼 190G,1000
SNACK,522,길림양행 와사비맛 아몬드 210G,1000
SNACK,523,길림양행 떡볶이맛 아몬드 210G,1000
SNACK,524,길림양행)별빛팡팡아몬드,1000
SNACK,525,길림양행 카라멜 아몬드 앤 프레첼 210G,1000
SNACK,526,길림양행)제주말차아몬드190G,1000
SNACK,527,길림양행 마늘빵아몬드 210G,1000
SNACK,528,길림양행 흑당밀크티아몬드 190G,1000
SNACK,529,길림양횅 와사비맛땅콩 190G,1000
SNACK,530,길림양행군옥수수맛땅콩190G,1000
SNACK,531,길림양행허니버터땅콩190G,1000
SNACK,532,길림양행민트초코아몬드190G,1000
SNACK,533,길림양행청양마요아몬드,1000
SNACK,534,길림양행와사비맛아몬드,1000
SNACK,535,길림양행마늘빵아몬드,1000
SNACK,536,길림양행청양마요아몬드210G,1000
SNACK,537,길림양행인절미아몬드190G,1000
SNACK,538,길림양행토피넛라떼아몬드,1000
SNACK,539,길림양행)허니버터아몬드150G,1000
SNACK,540,(주)길림양행군옥수수맛아몬드,1000
SNACK,541,(주)길림양행 허니버터아몬드,1000
SNACK,542,(주)길림양행 불닭맛아몬드,1000
SNACK,543,(주)길림양행 쿠키앤크림아몬드,1000
SNACK,544,깃듬)처음먹는아이김스낵오리지널20G,1000
SNACK,545,깃듬)처음먹는아이김스낵-양파맛20G,1000
SNACK,546,꽃샘식품)블렌딩스틱유자&모과,1000
SAUCE,547,꽃샘 피어나자스민레몬350G,1000
DRINKS,548,꽃샘식품)초이스허니세븐베리,1000
DRINKS,549,꽃샘식품)초이스허니라인레몬,1000
CAFFEINE,550,꽃샘 별난알맹이레몬 500G,1000
CAFFEINE,551,꽃샘식품홈플러스옥수수수염차,1000
CAFFEINE,552,꽃샘옥수수수염차20T,1000
CAFFEINE,553,꽃샘 그라비올라차 40T 28G,1000
CAFFEINE,554,꽃샘 별난알맹이자몽 500G,1000
CAFFEINE,555,꽃샘 피어나다 국화 유자,1000
CAFFEINE,556,꽃샘현미녹차20T,1000
CAFFEINE,557,꽃샘 별난알맹이한라봉 500G,1000
CAFFEINE,558,꽃샘식품)보이차,1000
CAFFEINE,559,꽃샘 대추차포션 30Gx15 450G,1000
CAFFEINE,560,꽃샘핑거루트추출분말15G,1000
CAFFEINE,561,꽃샘메밀차20T,1000
CAFFEINE,562,꽃샘 THE생강차 15T 225G,1000
CAFFEINE,563,꽃샘식품립톤아이스티레몬&라임300G,1000
CAFFEINE,564,꽃샘더대추차플러스15T,1000
CAFFEINE,565,꽃샘모링가추출분말10T,1000
CAFFEINE,566,꽃샘모링가40T,1000
CAFFEINE,567,꽃샘꿀유자차포션15T,1000
CAFFEINE,568,꽃샘식품타트체리분말,1000
CAFFEINE,569,꽃샘둥굴레차20T,1000
CAFFEINE,570,꽃샘보리차20T,1000
SNACK,571,끄레몽에프앤비 듀크솔티드미니크래커 150G,1000
CAFFEINE,572,(주)나무인터내셔널헤이즐넛향커피,1000
SNACK,573,나무인터내셔널 오렌지모양 캔디박스 25G,1000
SNACK,574,나무인터내셔널 락캔디 66G,1000
SNACK,575,나무인터내셔널 시크릿쥬쥬립스틱캔디 40G,1000
SNACK,576,나무인터내셔널 4D블록젤리 500G,1000
SNACK,577,나무)수박모양캔디박스,1000
SNACK,578,나무인터내셔널)도라에몽팝핑롤리팝딸기향(테이크아웃컵모양),1000
QUASI_DRUG,579,나투젠)포멀비 데일리 손소독청결제,1000
QUASI_DRUG,580,나투젠)포멀비 데일리손소독스프레이,1000
QUASI_DRUG,581,(주)나투젠'올'바른생활,1000
SAUCE,582,나팔꽃F&B김수미의국물의정석국물떡볶이분말,1000
SAUCE,583,나팔꽃F&B김수미의국물의정석닭볶음탕분말,1000
SAUCE,584,나팔꽃F&B김수미의국물의정석된장찌개분말,1000
SAUCE,585,나팔꽃F&B김수미의국물의정석소불고기분말,1000
ALCOHOL,586,남경무역)양하대곡125ML,1000
DRINKS,587,남도농산 활력충만여주차 500ML,1000
ALCOHOL,588,남도탁주)정고집옛날생동동주,1000
SNACK,589,남양 우리아이처음먹는새우얌얌40G,1000
SNACK,590,남양 우리아이처음먹는감자얌얌35G,1000
DAIRY_PRODUCT,591,남양유업 떠먹는 불가리스 생크림 요거트 85G,1000
DAIRY_PRODUCT,592,남양맛있는우유GT슈퍼밀크,1000
DAIRY_PRODUCT,593,남양맛있는우유GT,1000
DAIRY_PRODUCT,594,남양아인슈타인베이비,1000
DAIRY_PRODUCT,595,남양초코에몽250ML,1000
DAIRY_PRODUCT,596,남양)아이꼬야아기랑쌀이랑1.080ML,1000
DAIRY_PRODUCT,597,남양)아이꼬야아기랑쌀이랑180ML,1000
DAIRY_PRODUCT,598,남양이오트웬티즈,1000
DAIRY_PRODUCT,599,남양맛있는우유GT,1000
DAIRY_PRODUCT,600,남양유업)든든한끼바나나&곤약150G,1000
DAIRY_PRODUCT,601,남양유업)불가리스위쎈저지방150ML,1000
DAIRY_PRODUCT,602,남양유업)불가리스100%무첨가프리미엄플레인435G,1000
DAIRY_PRODUCT,603,남양유업)불가리스당무첨가리얼플레인435G,1000
DAIRY_PRODUCT,604,남양유업)아인슈타인천연DHA우유120ml,1000
DAIRY_PRODUCT,605,남양불가리스위쎈,1000
DAIRY_PRODUCT,606,남양)퍼먹는불가리스든든한끼호두&아몬드150G,1000
DAIRY_PRODUCT,607,남양유업)A급품격의파르미지아노A에이치즈플레인40G,1000
DAIRY_PRODUCT,608,남양유업)드빈치버터무가염450G,1000
DAIRY_PRODUCT,609,남양유업)에이치즈크림40G,1000
DAIRY_PRODUCT,610,남양아이꼬야한뼘더큰아기랑콩이랑1단계120ML,1000
DAIRY_PRODUCT,611,남양드빈치체다슬라이스,1000
DAIRY_PRODUCT,612,남양우유GT찐~하고달달한딸기,1000
DAIRY_PRODUCT,613,남양우유GT찐~하고달달한초코,1000
DAIRY_PRODUCT,614,남양백미당유기농네모우유,1000
DAIRY_PRODUCT,615,남양맛있는우유GT소화잘되는배안아픈우유,1000
DAIRY_PRODUCT,616,남양아인슈타인,1000
DAIRY_PRODUCT,617,남양맛있는우유GT,1000
DAIRY_PRODUCT,618,남양이오베이비80ML,1000
DRINKS,619,남양엣홈오렌지1.5L,1000
DRINKS,620,남양 채움오렌지 730ML,1000
DRINKS,621,남양프렌치카페로스터리블랙글레이즈드라떼,1000
DRINKS,622,남양루카스나인시그니처더블샷라떼,1000
DRINKS,623,남양루카스나인시그니처라떼,1000
DRINKS,624,남양)츄파춥스오렌지345ML,1000
DRINKS,625,남양에프엔비프리미엄토닉워터소닉300ML,1000
DRINKS,626,남양 야채채움퍼플190ML,1000
DRINKS,627,남양유업)채움포도730ML,1000
DRINKS,628,남양 프렌치카페 마일드커피 175ML,1000
DRINKS,629,남양 프렌치카페 카라멜마끼아또 175ML,1000
DRINKS,630,남양 17차 레몬향 1.5L,1000
DRINKS,631,남양 17차 새싹보리 1.5L,1000
DRINKS,632,남양)야채체움녹황190ML,1000
DRINKS,633,남양유업)채움포도210ML,1000
DRINKS,634,남양유업)초코에몽180ML,1000
DRINKS,635,남양)채움오렌지210ML,1000
DRINKS,636,남양참옥수수수염차1.5L,1000
DRINKS,637,남양유업)프렌치카페로스터리에스프레소라떼250ML,1000
DRINKS,638,남양유업)루카스나인시그니처아메리카노250ML,1000
DRINKS,639,남양채움포도,1000
DRINKS,640,남양)프렌치카페로스터리킬링샷아메리카노,1000
DRINKS,641,남양천연수2L,1000
CAFFEINE,642,남양몸이가벼워지는시간17차25T,1000
CAFFEINE,643,남양프렌치카페카페믹스50T,1000
CAFFEINE,644,남양_루카스나인바닐라라떼_10T 169G,1000
CAFFEINE,645,남양 루카스나인 더블샷라떼 149G,1000
CAFFEINE,646,남양유업_루카스나인그린티라떼10T_189G,1000
CAFFEINE,647,남양 프리미엄프렌치카페골드라벨 50T 535G,1000
CAFFEINE,648,남양 루카스나인돌체라떼 30T 507G,1000
CAFFEINE,649,남양_루카스나인라떼_10T 149G,1000
CAFFEINE,650,남양프렌치카페카페믹스20T,1000
CAFFEINE,651,남양루카스나인흑당밀크티10T,1000
ALCOHOL,652,남한산성소주참살이꿀막걸리,1000
SNACK,653,내아이애 떡뻥 단호박 쌀과자 30G,1000
SNACK,654,내아이애 떡뻥 사과 쌀과자 30G,1000
SNACK,655,내아이애 떡뻥 고구마 쌀과자 30G,1000
SNACK,656,내아이애 떡뻥 연근 쌀과자 30G,1000
SNACK,657,내아이애 떡뻥 비트 쌀과자 30G,1000
CAFFEINE,658,내추럴브릿지)레몬밤추출물분말,1000
SNACK,659,네모스낵 매콤한 맛,1000
SNACK,660,네모스낵 후라이드치킨맛,1000
CAFFEINE,661,네스카페 신선한모카믹스 20T 234G,1000
CAFFEINE,662,네스카페)수프리모아메리카노22G,1000
CAFFEINE,663,네스카페인도네시아수마트라10T,1000
CAFFEINE,664,네스카페우간다케냐10T,1000
CAFFEINE,665,네스카페오리진스콜롬비아10T,1000
CAFFEINE,666,네스카페 부드러운모카 50T,1000
CAFFEINE,667,네스카페오리진스알타리카,1000
SNACK,668,거버 바나나쿠키142G,1000
SNACK,669,네슬레 프리스키파티믹스캘리포니아드리밍베이컨과칠면조맛60G,1000
CAFFEINE,670,네슬레)네슬레핫쵸코오리지날24G,1000
CAFFEINE,671,네슬레네스카페부드러운모카,1000
CAFFEINE,672,네슬레 네스카페 수프리모오리지널커피믹스 234G,1000
CAFFEINE,673,네슬레)신선한모카커피믹스15.2G,1000
CAFFEINE,674,네슬레 네스퀵쵸코리필 400G,1000
CAFFEINE,675,네슬레_네스카페수프리모디카페인_150G,1000
CAFFEINE,676,네슬레네스카페부드러운모카50T,1000
CAFFEINE,677,네슬레 핫초코오리지날 600G,1000
CAFFEINE,678,네슬레 초이스오리지날 리필 170G,1000
ALCOHOL,679,네오아티잔브루어리해운대,1000
QUASI_DRUG,680,네이처트리)국민간건강500MG*30정,1000
QUASI_DRUG,681,네이처트리)국민루테인500MG*30정,1000
QUASI_DRUG,682,네이처트리)국민뼈건강800MG*60정,1000
NOODLE,683,농심오징어짬뽕컵67G,1000
NOODLE,684,농심신라면컵65G,1000
NOODLE,685,농심 새우탕컵(소) 67G,1000
NOODLE,686,농심 사천짜파게티컵 115G,1000
NOODLE,687,농심짜파게티큰사발123G,1000
NOODLE,688,농심 너구리 큰사발면 111G,1000
NOODLE,689,농심 생생우동면 276G,1000
NOODLE,690,농심 순한너구리컵63G,1000
NOODLE,691,농심생생우동봉지253G,1000
NOODLE,692,신)농심멸치칼국수,1000
NOODLE,693,농심)신라면건면(낱개)97G,1000
NOODLE,694,농심신라면120G,1000
NOODLE,695,농심안성탕면125G,1000
NOODLE,696,농심)얼큰장칼국수103G,1000
NOODLE,697,농심무파마탕면122G,1000
NOODLE,698,농심)신라면큰사발면114G,1000
NOODLE,699,농심)신라면블랙101G,1000
NOODLE,700,농심)감자면92G,1000
NOODLE,701,농심)사리곰탕110G(봉지),1000
NOODLE,702,농심신라면건면,1000
NOODLE,703,농심)사리곰탕컵61G,1000
NOODLE,704,농심신라면두부김치94G,1000
NOODLE,705,농심참치마요큰사발면,1000
NOODLE,706,농심짜왕큰사발면,1000
NOODLE,707,농심사리곰탕큰사발111G,1000
NOODLE,708,농심새우탕큰사발115G,1000
NOODLE,709,농심김치사발면86G,1000
NOODLE,710,농심짜파게티범벅70G,1000
NOODLE,711,농심)앵그리짜파구리큰사발108G,1000
NOODLE,712,농심보글보글부대찌개큰사발면,1000
NOODLE,713,농심볶음너구리큰사발면,1000
NOODLE,714,농심올리브짜파게티140G,1000
NOODLE,715,농심사천짜파게티137G,1000
NOODLE,716,농심)칼빔면144G,1000
NOODLE,717,농심시원한메밀소바127G,1000
NOODLE,718,농심순한너구리120G,1000
NOODLE,719,농심 튀김우동컵 62G,1000
NOODLE,720,농심)앵그리알티에이(RtA)(낱개)121G,1000
NOODLE,721,농심오징어짬뽕124G,1000
NOODLE,722,농심)감자면117G,1000
NOODLE,723,농심무파마큰사발112G,1000
NOODLE,724,농심우육탕큰사발115G,1000
NOODLE,725,농심육개장큰사발110G,1000
NOODLE,726,농심오징어짬뽕큰사발115G,1000
NOODLE,727,농심둥지냉면(비빔냉면)봉지162G,1000
NOODLE,728,농심튀김우동(봉지)118G,1000
NOODLE,729,농심김치큰사발면,1000
NOODLE,730,농심쌀국수,1000
SAUCE,731,농심)몰튼솔트,1000
SAUCE,732,농심)혼다시120G,1000
ALCOHOL,733,(신)카프리330ML(병),1000
ALCOHOL,734,농업회사법인고은)선운산뽕와인300ML,1000
ALCOHOL,735,농업회사법인금산인삼주)금산인삼주43%(병),1000
ALCOHOL,736,농업회사법인우포의아침조선주조사,1000
NOODLE,737,농업회사법인현농)순쌀짜장면80G,1000
QUASI_DRUG,738,누리데믹스)마데카메디패치(1회용반창고),1000
QUASI_DRUG,739,누리메딕스시크릿커버밴드,1000
QUASI_DRUG,740,누리메딕스어드밴스키즈밴드(페코패턴밴드표준형),1000
ALCOHOL,741,뉴벨지움)팻타이어엠버에일,1000
ALCOHOL,742,니혼슈코리아)하나야구준마이(종이팩),1000
ALCOHOL,743,니혼슈코리아)노호홍(종이팩),1000
SAUCE,744,다온웰푸드다나딸기잼,1000
ALCOHOL,745,에스트렐라담바르셀로나(캔),1000
ALCOHOL,746,에스트렐라담바르셀로나(캔),1000
NOODLE,747,대산바이오)레몬밤쌀국수92G,1000
SAUCE,748,대상감칠맛미원500G,1000
SAUCE,749,대상 청정원명란크림파스타소스 350G,1000
SAUCE,750,대상 청정원멸치액젓,1000
SAUCE,751,대상 청정원돼지갈비양념,1000
SAUCE,752,대상 청정원소갈비양념,1000
SAUCE,753,대상 청정원후레쉬마요네즈,1000
SAUCE,754,대상 청정원매운갈비화끈한맛,1000
SAUCE,755,대상 청정원올리고당,1000
SAUCE,756,대상 청정원소불고기양념,1000
SAUCE,757,대상 청정원우리아이케찹,1000
SAUCE,758,대상 청정원고소한마요네즈,1000
SAUCE,759,대상 청정원사과식초,1000
SAUCE,760,대상 청정원홀스래디쉬스테이크소스 205G,1000
SAUCE,761,대상 청정원갈릭치즈마요소스 300G,1000
SAUCE,762,대상)쇠고기볶음고추장60G,1000
SAUCE,763,대상)직화맛쇠고기볶음고추장60G,1000
SAUCE,764,대상 청정원오리엔탈스테이크소스,1000
SAUCE,765,대상 청정원맛소금 95G,1000
SAUCE,766,대상 청정원허니머스타드소스,1000
SAUCE,767,대상 청정원굴소스 260G,1000
SAUCE,768,대상 청정원 요리한수 된장찌개양념150g,1000
SAUCE,769,대상)조개멸치된장찌개양념450G,1000
SAUCE,770,대상)염도낮춘발효다시마간장840ML,1000
SAUCE,771,대상 청정원맛선생국내산생강 13G,1000
SAUCE,772,대상 청정원 요리한수 부대찌개양념150g,1000
SAUCE,773,대상)청정원고메레시피마파두부양념,1000
SAUCE,774,대상)청정원알프레도파스타소스생크림&치즈,1000
SAUCE,775,대상)청정원까르보나라파스타소스베이컨&생크림,1000
SAUCE,776,오뚜기초고추장500g,1000
SAUCE,777,대상 청정원사과식초,1000
SAUCE,778,대상 청정원맛술 830ML(생강매실),1000
SAUCE,779,대상 청정원프렌치발사믹드레싱 325G,1000
SAUCE,780,대상청정원햇살담은맛간장조림볶음용,1000
SAUCE,781,대상에프앤비복음자리바로짜먹는사과버터잼,1000
SAUCE,782,대상에프앤비복음자리바로짜먹는딸기잼,1000
SAUCE,783,대상에프앤비복음자리바로발라먹는고구마버터,1000
SAUCE,784,대상에프앤비복음자리바로짜먹는블루베리잼,1000
SAUCE,785,대상에프앤비복음자리바로발라먹는마늘버터스프레드,1000
SAUCE,786,대상감칠맛미원250G,1000
QUASI_DRUG,787,대일화학공업)대일뉴아이스쿨에어로솔200ML,1000
QUASI_DRUG,788,대한위재상사)대한에탄올스왑100팩,1000
DAIRY_PRODUCT,789,덴마크)요거샐러드그린150G,1000
ALCOHOL,790,도아 가펠 소넨호펜 330ML,1000
ALCOHOL,791,동강)동강더덕주,1000
QUASI_DRUG,792,동국제약)마데카솔,1000
QUASI_DRUG,793,동국제약 덴트릭스150G,1000
QUASI_DRUG,794,동국제약)마데카메디패치스팟패치12MM10MM,1000
ALCOHOL,795,동아인터내셔널)에드남스고스트쉽,1000
QUASI_DRUG,796,동아제약)가그린제로100ML,1000
QUASI_DRUG,797,동아제약)가그린후레쉬라임100ML,1000
QUASI_DRUG,798,동아제약)가그린오리지널380ML,1000
QUASI_DRUG,799,동아제약)가그린 어린이용 사과,1000
QUASI_DRUG,800,동아제약)가그린 어린이용 딸기,1000
QUASI_DRUG,801,동아제약)가그린오리지널250ml,1000
QUASI_DRUG,802,동아제약)가그린 어린이용 풍선껌,1000
QUASI_DRUG,803,(주)수진텍굿뉴스얼리체크,1000
DAIRY_PRODUCT,804,동원대니쉬THE건강한우유,1000
DAIRY_PRODUCT,805,덴마크민트라떼,1000
DAIRY_PRODUCT,806,덴마크바나나우유,1000
DAIRY_PRODUCT,807,동원 소와나무 입안가득부드러운생크림요거트 85G,1000
DAIRY_PRODUCT,808,동원 덴마크 요거샐러드퍼플150G,1000
DAIRY_PRODUCT,809,동원F&B덴마크요거밀단호박150G,1000
DAIRY_PRODUCT,810,동원F&B덴마크요거샐러드옐로우150G,1000
DAIRY_PRODUCT,811,동원F&B)덴맠요거밀자색고구마150G,1000
DAIRY_PRODUCT,812,동원F&B)덴마크구워먹는치즈오리지널125G,1000
DAIRY_PRODUCT,813,동원)체다치즈 클래식612G,1000
DAIRY_PRODUCT,814,동원)트리플 슬라이스360G,1000
DAIRY_PRODUCT,815,동원덴마크요거밀,1000
DAIRY_PRODUCT,816,동원소와나무고칼슘우유,1000
DAIRY_PRODUCT,817,동원F&B)뉴트리플랜펫밀크반려묘전용우유,1000
DAIRY_PRODUCT,818,동원F&B)뉴트리플랜모이스트루참치와닭고기,1000
DAIRY_PRODUCT,819,동원페퍼민트밀크티,1000
DAIRY_PRODUCT,820,동원에프앤비)1987체다치즈클래식12매입,1000
DAIRY_PRODUCT,821,소와나무덴마크커피커피,1000
DAIRY_PRODUCT,822,소와나무덴마크초코초코우유,1000
DAIRY_PRODUCT,823,소와나무덴마크드링킹요구르트베리믹스,1000
DAIRY_PRODUCT,824,소와나무덴마크드링킹요구르트파인애플,1000
DAIRY_PRODUCT,825,덴마크드링킹요구르트자두,1000
DAIRY_PRODUCT,826,덴마크드링킹요구르트사과,1000
DAIRY_PRODUCT,827,덴마크드링킹요구르트청포도,1000
DAIRY_PRODUCT,828,덴마크대니쉬우유450ML,1000
DAIRY_PRODUCT,829,덴마크드링킹요구르트(플레인)310ML,1000
QUASI_DRUG,830,동일제약 아트릭스 에스오에스핸드세니타이저60G,1000
QUASI_DRUG,831,동화약품생생톤18ML,1000
QUASI_DRUG,832,듀오스킨투스킨,1000
QUASI_DRUG,833,드림리더)썬라이프비타민C1000(레몬/라임맛),1000
ALCOHOL,834,디아지오코리아길비스 보드카 블루750ml,1000
ALCOHOL,835,디아지오코리아)스미노프아이스그린애플향275ML,1000
ALCOHOL,836,"디아지오코리아)조니워커""레드레이블""200ML",1000
ALCOHOL,837,디아지오코리아 홉하우스13라거 500ML,1000
ALCOHOL,838,디아지오코리아)스미노프™그린애플향보드카(플라스틱병),1000
NOODLE,839,디파이브컴퍼니 라황샹중경식마라탕면115G,1000
NOODLE,840,디파이브컴퍼니 사천식탄탄면120G,1000
ALCOHOL,841,라사그라코리아)머피스아이리쉬스타우트,1000
ALCOHOL,842,레페브라운(캔),1000
QUASI_DRUG,843,롯데)초이스엘어린이밴드,1000
ALCOHOL,844,롯데 진한처럼 360ML,1000
ALCOHOL,845,롯데미림알콜14%,1000
ALCOHOL,846,순하리소다톡바나나355ML,1000
ALCOHOL,847,롯데처음처럼PET400ML,1000
ALCOHOL,848,롯데설중매소다톡330ML,1000
ALCOHOL,849,롯데설중매골드360ML,1000
ALCOHOL,850,롯데클라우드클래식500ML,1000
ALCOHOL,851,롯데처음처럼플렉스,1000
ALCOHOL,852,롯데설중매스파클링300ML,1000
ALCOHOL,853,롯데)진한처음처럼1.8L,1000
ALCOHOL,854,롯데부드러운처음처럼360ML(PET),1000
ALCOHOL,855,롯데부드러운처음처럼1.8L,1000
ALCOHOL,856,롯데클라우드(캔)355ML,1000
ALCOHOL,857,롯데클라우드(캔)500ML,1000
ALCOHOL,858,롯데부드러운처음처럼360ML(병),1000
ALCOHOL,859,롯데주류스펠세이세코,1000
ALCOHOL,860,롯데)백화수복,1000
ALCOHOL,861,롯데)부드러운처음처럼PET1L,1000
ALCOHOL,862,(신)롯데처음처럼순하리복숭아360ML,1000
ALCOHOL,863,(신)롯데처음처럼순한360ML,1000
ALCOHOL,864,(신)롯데청하300ML,1000
DAIRY_PRODUCT,865,롯데가나초콜릿밀크,1000
ALCOHOL,866,롯데)밀러(캔)473ML,1000
ALCOHOL,867,처음처럼포켓200ML,1000
ALCOHOL,868,롯데칠성순하리유자360ML,1000
ALCOHOL,869,롯데순하리소다톡355ML,1000
DAIRY_PRODUCT,870,롯데푸드)파스퇴르바른목장알로에85G,1000
DAIRY_PRODUCT,871,롯데푸드파스퇴르홈버터,1000
DAIRY_PRODUCT,872,롯데푸드파스퇴르쾌변피쉬콜라겐,1000
DAIRY_PRODUCT,873,가나초콜릿밀크300ML,1000
DAIRY_PRODUCT,874,롯데푸드파스퇴르바른목장요구르트100ML,1000
DAIRY_PRODUCT,875,르몽드체다치즈90G,1000
QUASI_DRUG,876,리뉴후래쉬60ML-1118입고,1000
QUASI_DRUG,877,리스테린내추럴시트러스750ML,1000
DAIRY_PRODUCT,878,매일바이오드링킹요커트플레인,1000
DAIRY_PRODUCT,879,매일유업 바이오 달지않은 플레인450G,1000
DAIRY_PRODUCT,880,매일유업)바이오 프로바이오틱 생크림 요거트 유자80G,1000
DAIRY_PRODUCT,881,매일유업)바이오 프로바이오틱 생크림 요거크 플래인80G,1000
DAIRY_PRODUCT,882,매일상하목장유기농우유저지방2%,1000
DAIRY_PRODUCT,883,매일바이오플레인스위트,1000
DAIRY_PRODUCT,884,매일바이오딸기요거트,1000
DAIRY_PRODUCT,885,매일 루어팍가염버터250G,1000
DAIRY_PRODUCT,886,매일 카스텔로까망베르125G,1000
DAIRY_PRODUCT,887,매일피크닉청포도,1000
DAIRY_PRODUCT,888,매일아몬드브리즈뉴트리플러스프로틴,1000
DAIRY_PRODUCT,889,매일썬업그린(과일야채샐러드),1000
DAIRY_PRODUCT,890,매일유업)까망베르자연치즈100G,1000
DAIRY_PRODUCT,891,매일유업)브리자연치즈100G,1000
DAIRY_PRODUCT,892,매일유업)수제고다치즈상하농원100G,1000
DAIRY_PRODUCT,893,매일유업)바이오달지않은플레인요거트900G,1000
DAIRY_PRODUCT,894,매일유업)슬로우밀크저지방180ML,1000
DAIRY_PRODUCT,895,매일바이오드링킹요거트블루베리,1000
DAIRY_PRODUCT,896,매일유업)알라무엽버터400G,1000
DAIRY_PRODUCT,897,매일유업)루어팍 무염버터250G,1000
DAIRY_PRODUCT,898,매일유업)아리아크림치즈-유크림120G,1000
DAIRY_PRODUCT,899,매일유업)아리아네츄럴크림치즈150G,1000
DAIRY_PRODUCT,900,매일유업)상하치즈체다슬라이스500G,1000
DAIRY_PRODUCT,901,매일유업)유기농코코아우유125ML,1000
DAIRY_PRODUCT,902,매일유업)유기농바나나우유125ML,1000
DAIRY_PRODUCT,903,매일유업)유기농우유125ML,1000
DAIRY_PRODUCT,904,매일바이오드링킹요거트매실푸룬,1000
DAIRY_PRODUCT,905,매일바이오백도요거트,1000
DAIRY_PRODUCT,906,매일바이오블루베리요거트,1000
DAIRY_PRODUCT,907,매일바이오화이버&칼슘,1000
QUASI_DRUG,908,매직팬티컴포트,1000
QUASI_DRUG,909,매크로통상)LEON레옹비타민C레몬젤리80G,1000
QUASI_DRUG,910,맨소래덤아시아퍼시픽)멘소래담마사지롤온로션50ML,1000
QUASI_DRUG,911,메디코리아 초이스엘표준형밴드50매,1000
QUASI_DRUG,912,메디코리아 초이스엘혼합형밴드50매,1000
QUASI_DRUG,913,메디코리아)초이스엘메디고탄력밴드에이36매,1000
QUASI_DRUG,914,메디코리아)초이스엘투명밴드방수용혼합형13매,1000
QUASI_DRUG,915,메디코리아)초이스엘쿠션방수밴드16매,1000
QUASI_DRUG,916,메디코리아)초이스엘하이드로콜로이드메디덤밴드대형2매,1000
QUASI_DRUG,917,메디코리아)초이스엘드레싱밴드중형12매,1000
QUASI_DRUG,918,바른생각익스트림에어핏,1000
QUASI_DRUG,919,바른생각베스트셀러콘돔3종세트,1000
QUASI_DRUG,920,바슈롬)리뉴후레쉬,1000
QUASI_DRUG,921,아우성슬림3매,1000
QUASI_DRUG,922,벤텍스헬시크린리프레셔(향균스프레이),1000
QUASI_DRUG,923,보고신약)우루에스+메가센타S,1000
QUASI_DRUG,924,보고신약)노니메이트100ML,1000
NOODLE,925,보라티알)시금치맛페투치네,1000
QUASI_DRUG,926,부광 안티프라그 치약,1000
QUASI_DRUG,927,부광약품시린메드에프치약,1000
QUASI_DRUG,928,브랜즈홀딩스)개인용체외진단검사시약2갑,1000
QUASI_DRUG,929,브랜즈홀딩스)개인용체외진단검사시약1갑,1000
NOODLE,930,삼경에프에스)삿포로라멘미소5개입,1000
NOODLE,931,삼색동물원파스타,1000
NOODLE,932,삼색러브파스타,1000
NOODLE,933,삼양)나가사끼짬뽕115G,1000
NOODLE,934,삼양)삼양라면매운맛120G,1000
NOODLE,935,삼양)불닭볶음탕면120G,1000
NOODLE,936,삼양)쫄볶이불닭볶음면120G,1000
NOODLE,937,삼양)삼양라면매운맛110G,1000
NOODLE,938,삼양)쇠고기면120G,1000
NOODLE,939,삼양)삼양라면골드120G,1000
NOODLE,940,삼양)나가사끼짬뽕,1000
NOODLE,941,삼양 미트스파게티 불닭볶음면 110G,1000
NOODLE,942,삼양 짜장 불닭볶음면 105G,1000
NOODLE,943,삼양 크림까르보불닭볶음면큰컵 120G,1000
NOODLE,944,삼양)까르보불닭볶음면큰컵105G,1000
NOODLE,945,삼양식품 초마짬뽕4개입번들 500G,1000
NOODLE,946,삼양)치즈불닭볶음면큰컵105G,1000
NOODLE,947,삼양)삼양라면120G(봉지),1000
NOODLE,948,삼양맛있는라면,1000
NOODLE,949,삼양)짜짜로니140G(봉지),1000
NOODLE,950,삼양)손칼국수100G(봉지),1000
NOODLE,951,삼양식품)맛이차이나짜장면,1000
NOODLE,952,삼양불닭볶음면140G(봉),1000
NOODLE,953,삼양라면110g,1000
NOODLE,954,삼양큰컵불닭볶음면105G,1000
NOODLE,955,삼양치즈불닭볶음면(봉지)140G,1000
NOODLE,956,삼양)까르보불닭볶음면(낱개)130g,1000
NOODLE,957,삼양크림까르보불닭볶음면(봉지)130G,1000
NOODLE,958,삼양식품맛이차이나짜장면140G,1000
NOODLE,959,샘표잔치국수89G,1000
QUASI_DRUG,960,테라스킨러버덕아쿠아밴드,1000
QUASI_DRUG,961,테라스킨탄력밴드혼합형14매,1000
NOODLE,962,성풍양행)블루엘리펀트쿠킹세트팟타이누들,1000
NOODLE,963,세진식품)시카고컵당면매콤한맛180G,1000
NOODLE,964,세진식품)시카고컵당면궁중요리맛180G,1000
QUASI_DRUG,965,세청인터네셔널페트롤리움젤리,1000
QUASI_DRUG,966,소피바디피트천연코튼팬티라이너라벤더,1000
QUASI_DRUG,967,신한제약가디언가아제10cm*10cm*8겹,1000
QUASI_DRUG,968,쓰리엠 넥스케어 1회용반창고 숨쉬는방수밴드투명중형 20매,1000
QUASI_DRUG,969,쓰리엠 넥스케어블레미쉬클리어커버28매입,1000
QUASI_DRUG,970,쓰리엠 넥스케어 컴포트탄력밴드 10매중형,1000
QUASI_DRUG,971,아모레)메디안 덴탈화이트 플러스 미백치약 푸르터향,1000
QUASI_DRUG,972,아모레)메디안 덴탈화이트 플러스 미백치약 스피아향,1000
QUASI_DRUG,973,아모레퍼시픽)메디안치석오리지널치약120G,1000
QUASI_DRUG,974,아모레퍼시픽메디안 덴탈솔루션치약,1000
QUASI_DRUG,975,아모레)송천염치약150G,1000
QUASI_DRUG,976,아텍스더밴드키즈밴드,1000
QUASI_DRUG,977,애경)2080 진지발리스K 오리지널,1000
QUASI_DRUG,978,애경2080 키즈3 스텝치약 베리믹스향,1000
QUASI_DRUG,979,애경2080진지발리스120G,1000
QUASI_DRUG,980,애경)2080 진지발리스K 허벌민트,1000
QUASI_DRUG,981,애경2080시그네처150G,1000
QUASI_DRUG,982,2080퓨어솔트치약핑크민트향160G,1000
QUASI_DRUG,983,2080시그니처토탈블루,1000
QUASI_DRUG,984,2080퓨어솔트치약크리스탈민트향160G,1000
QUASI_DRUG,985,에버레이드후렉스밴드,1000
QUASI_DRUG,986,에버레이드)메디힐에이제로샷스킨드레싱패치80패치,1000
NOODLE,987,에스씨코리아 우육면200G,1000
NOODLE,988,에스씨코리아)마라우육미엔,1000
QUASI_DRUG,989,(주)에프에이해피홈알콜스왑,1000
QUASI_DRUG,990,(주)에프에이해피홈압박용밴드,1000
QUASI_DRUG,991,LG생활건강)페리오토탈7오리지널어드밴스치약120G,1000
NOODLE,992,엠디에스코리아아라비아따파스타,1000
NOODLE,993,엠디에스코리아베이컨까르보나라파스타,1000
NOODLE,994,오뚜기참깨라면(컵),1000
NOODLE,995,오뚜기)컵누들김치쌀국수34.8G,1000
NOODLE,996,오뚜기컵누들매콤37.8G,1000
NOODLE,997,오뚜기 떡라면 140G,1000
NOODLE,998,오뚜기 컵누들 팟타이쌀국수 50G,1000
NOODLE,999,오뚜기 컵누들 마라볶음쌀국수 48G,1000
